Pclass,Age,SibSp,Parch,Fare,Sex_male,Embarked_Q,Embarked_S,Survived
0.9085997380242599,-0.527668557291984,0.5225107881133605,-0.5067873731938901,-0.5163799235734484,True,False,True,0
-1.4829825668676926,0.5770938751757179,0.5225107881133605,-0.5067873731938901,0.6940460475663703,False,False,False,1
0.9085997380242599,-0.25147794917505856,-0.5527137238424564,-0.5067873731938901,-0.5036203511241232,False,False,True,1
-1.4829825668676926,0.36995091908802374,0.5225107881133605,-0.5067873731938901,0.3503258494659029,False,False,True,1
0.9085997380242599,0.36995091908802374,-0.5527137238424564,-0.5067873731938901,-0.5012574673372111,True,False,True,0
-1.4829825668676926,1.6818563076434199,-0.5527137238424564,-0.5067873731938901,0.3269332999754732,True,False,True,0
0.9085997380242599,-1.9086215978766115,2.672959812024994,0.664747073929648,-0.2550449767409723,True,False,True,0
0.9085997380242599,-0.1824302971458272,-0.5527137238424564,1.8362815210531864,-0.442973630695723,False,False,True,1
-0.2871914144217163,-1.080049773525835,0.5225107881133605,-0.5067873731938901,-0.08499673697854274,False,False,False,1
0.9085997380242599,-1.7705262938181487,0.5225107881133605,0.664747073929648,-0.3377459092828951,False,False,True,1
-1.4829825668676926,1.9580469157603453,-0.5527137238424564,-0.5067873731938901,-0.15155066687422314,False,False,True,1
0.9085997380242599,-0.6657638613504469,-0.5527137238424564,-0.5067873731938901,-0.5012574673372111,True,False,True,0
0.9085997380242599,0.6461415272049492,0.5225107881133605,5.350884862423801,-0.06223365972894651,True,False,True,0
0.9085997380242599,-1.080049773525835,-0.5527137238424564,-0.5067873731938901,-0.5049586885010302,False,False,True,0
-0.2871914144217163,1.7509039596726512,-0.5527137238424564,-0.5067873731938901,-0.3509780584896028,False,False,True,1
0.9085997380242599,-1.9086215978766115,3.748184323980811,0.664747073929648,-0.10287526086383428,True,True,False,0
0.9085997380242599,0.09376031097109827,0.5225107881133605,-0.5067873731938901,-0.3131719178990095,False,False,True,0
-0.2871914144217163,0.36995091908802374,-0.5527137238424564,-0.5067873731938901,-0.1619473555366363,True,False,True,0
-0.2871914144217163,0.3009032670587924,-0.5527137238424564,-0.5067873731938901,-0.4076872693754927,True,False,True,1
0.9085997380242599,-1.0110021214966036,-0.5527137238424564,-0.5067873731938901,-0.5016506511993533,False,True,False,1
-1.4829825668676926,-0.11338264511659583,-0.5527137238424564,-0.5067873731938901,0.017631812268681855,True,False,True,1
0.9085997380242599,-1.4943356857012233,2.672959812024994,0.664747073929648,-0.2550449767409723,False,False,True,0
0.9085997380242599,0.5770938751757179,0.5225107881133605,5.350884862423801,-0.06010706432072562,False,False,True,1
-1.4829825668676926,-0.7348115133796782,2.672959812024994,1.8362815210531864,4.318080304448669,True,False,True,0
-1.4829825668676926,0.7151891792341806,-0.5527137238424564,-0.5067873731938901,-0.1294189521724898,True,False,False,0
-0.2871914144217163,2.5104281319941966,-0.5527137238424564,-0.5067873731938901,-0.45494494511373434,True,False,True,0
-1.4829825668676926,-0.11338264511659583,0.5225107881133605,-0.5067873731938901,0.8998532254064127,True,False,False,0
-1.4829825668676926,0.8532844832926434,0.5225107881133605,-0.5067873731938901,0.32953247214107656,True,False,True,0
0.9085997380242599,-0.5967162093212154,-0.5527137238424564,-0.5067873731938901,-0.5012574673372111,True,False,True,0
0.9085997380242599,-0.8038591654089096,1.5977353000691772,-0.5067873731938901,-0.3131719178990095,False,False,True,0
0.9085997380242599,-1.080049773525835,0.5225107881133605,-0.5067873731938901,-0.4409245378757128,False,False,False,1
0.9085997380242599,0.7151891792341806,0.5225107881133605,-0.5067873731938901,-0.47432059216641337,False,False,True,0
-0.2871914144217163,-0.1824302971458272,0.5225107881133605,-0.5067873731938901,-0.2564627070131195,False,False,True,0
-0.2871914144217163,-1.83957394584738,0.5225107881133605,1.8362815210531864,0.13254735720784924,False,False,False,1
0.9085997380242599,-0.7348115133796782,-0.5527137238424564,-0.5067873731938901,-0.5044861117436478,False,True,False,1
0.9085997380242599,-0.8038591654089096,0.5225107881133605,-0.5067873731938901,-0.3169525319580688,False,False,True,0
0.9085997380242599,-1.5633833377304547,3.748184323980811,0.664747073929648,0.09678841913023657,True,False,True,0
0.9085997380242599,-0.5967162093212154,-0.5527137238424564,-0.5067873731938901,-0.5059832349110353,True,False,True,0
-1.4829825668676926,1.3366180474972629,0.5225107881133605,-0.5067873731938901,0.7969902780875265,False,False,False,1
-0.2871914144217163,-0.044334993087364466,0.5225107881133605,-0.5067873731938901,-0.1619473555366363,False,False,True,1
-1.4829825668676926,2.441380479964965,-0.5527137238424564,0.664747073929648,0.5181699912319008,True,False,False,0
-0.2871914144217163,-0.5967162093212154,-0.5527137238424564,-0.5067873731938901,-0.45494494511373434,False,False,True,1
0.9085997380242599,-0.07885881910198016,-0.5527137238424564,-0.5067873731938901,-0.5167731074355907,True,False,False,0
-0.2871914144217163,-1.7014786417889174,0.5225107881133605,1.8362815210531864,-0.12886698251986717,False,False,True,1
0.9085997380242599,-1.287192729613529,4.823408835936628,1.8362815210531864,0.2331268136350636,True,False,True,0
0.9085997380242599,-0.527668557291984,-0.5527137238424564,-0.5067873731938901,-0.5167731074355907,True,False,False,0
-1.4829825668676926,1.0604274393803375,0.5225107881133605,-0.5067873731938901,0.9245066096855384,True,False,True,0
0.9085997380242599,-1.7705262938181487,2.672959812024994,1.8362815210531864,-0.12603152197557269,True,False,True,0
-0.2871914144217163,-0.044334993087364466,-0.5527137238424564,-0.5067873731938901,-0.45494494511373434,False,False,True,1
0.9085997380242599,-0.7348115133796782,-0.5527137238424564,-0.5067873731938901,-0.4992102648242305,True,False,True,0
0.9085997380242599,-0.8729068174381409,3.748184323980811,1.8362815210531864,-0.5036203511241232,False,False,True,1
0.9085997380242599,-0.25147794917505856,1.5977353000691772,-0.5067873731938901,-0.4896793367813419,True,False,True,0
-0.2871914144217163,0.16280796300032965,-0.5527137238424564,-0.5067873731938901,-0.45494494511373434,True,False,True,0
0.9085997380242599,-0.9419544694673723,4.823408835936628,1.8362815210531864,0.2331268136350636,False,False,True,0
-0.2871914144217163,-0.5967162093212154,-0.5527137238424564,-0.5067873731938901,0.7359484834899545,True,False,True,0
0.9085997380242599,-0.25147794917505856,0.5225107881133605,-0.5067873731938901,-0.3801984245520723,True,False,False,0
0.9085997380242599,0.16280796300032965,-0.5527137238424564,-0.5067873731938901,0.41451689557467125,True,False,True,1
0.9085997380242599,-0.32052560120428997,-0.5527137238424564,-0.5067873731938901,-0.5088186954553298,True,False,True,0
-0.2871914144217163,-1.9894073507508123,-0.5527137238424564,1.8362815210531864,-0.10523814465074635,True,False,True,1
0.9085997380242599,0.024712658941866902,-0.5527137238424564,-0.5067873731938901,-0.41761138128052344,False,False,True,1
0.9085997380242599,-0.527668557291984,-0.5527137238424564,-0.5067873731938901,-0.4832995505566793,True,False,True,0
0.9085997380242599,-0.044334993087364466,-0.5527137238424564,-0.5067873731938901,-0.473848015409031,True,False,True,1
-1.4829825668676926,-0.11338264511659583,-0.5527137238424564,-0.5067873731938901,0.23690742769412299,True,False,True,0
-0.2871914144217163,-0.8729068174381409,-0.5527137238424564,-0.5067873731938901,-0.45494494511373434,False,False,True,1
0.9085997380242599,0.231855615029561,2.672959812024994,-0.5067873731938901,-0.35381351903389724,False,False,True,1
0.9085997380242599,-0.9419544694673723,0.5225107881133605,3.007815968176725,-0.003634141813526875,True,False,True,0
-1.4829825668676926,-0.4586209052627527,2.672959812024994,1.8362815210531864,4.318080304448669,False,False,True,1
0.9085997380242599,-0.3895732532335213,-0.5527137238424564,-0.5067873731938901,-0.5012574673372111,True,False,True,0
0.9085997380242599,-0.044334993087364466,-0.5527137238424564,-0.5067873731938901,-0.5012574673372111,True,False,True,0
0.9085997380242599,-0.6657638613504469,-0.5527137238424564,-0.5067873731938901,-0.5049586885010302,True,False,True,0
-1.4829825668676926,1.1294750914095688,0.5225107881133605,-0.5067873731938901,0.5029681421004232,True,False,True,0
0.9085997380242599,-0.25147794917505856,0.5225107881133605,1.8362815210531864,-0.2644965118886206,True,False,True,0
0.9085997380242599,2.0270945677895766,-0.5527137238424564,-0.5067873731938901,-0.5163799235734484,True,False,True,0
-1.4829825668676926,2.8556663921403533,-0.5527137238424564,-0.5067873731938901,0.0016435954129200062,True,False,False,0
-1.4829825668676926,-0.4586209052627527,-0.5527137238424564,0.664747073929648,0.5442392154761444,True,False,False,1
-0.2871914144217163,0.3009032670587924,-0.5527137238424564,0.664747073929648,-0.21865656642252623,False,False,True,1
-0.2871914144217163,0.3009032670587924,0.5225107881133605,-0.5067873731938901,-0.1619473555366363,True,False,True,0
0.9085997380242599,-0.11338264511659583,-0.5527137238424564,-0.5067873731938901,-0.5041723207767458,False,False,True,0
-1.4829825668676926,-0.5967162093212154,-0.5527137238424564,0.664747073929648,0.8075438622333904,True,False,True,0
0.9085997380242599,0.231855615029561,-0.5527137238424564,-0.5067873731938901,-0.4898362322647929,True,False,True,0
0.9085997380242599,0.5080462231464865,1.5977353000691772,-0.5067873731938901,-0.5036203511241232,True,False,True,0
0.9085997380242599,-0.11338264511659583,-0.5527137238424564,-0.5067873731938901,-0.5041723207767458,True,False,True,0
0.9085997380242599,-0.5967162093212154,-0.5527137238424564,-0.5067873731938901,-0.5088186954553298,False,False,True,1
0.9085997380242599,0.5770938751757179,-0.5527137238424564,-0.5067873731938901,-0.5041723207767458,True,False,True,0
-1.4829825668676926,1.1985227434388002,-0.5527137238424564,-0.5067873731938901,0.32953247214107656,True,False,True,0
0.9085997380242599,-1.0455259475112193,0.5225107881133605,-0.5067873731938901,-0.3801984245520723,False,False,False,0
0.9085997380242599,-0.527668557291984,-0.5527137238424564,-0.5067873731938901,-0.5012574673372111,True,False,True,0
0.9085997380242599,-0.6657638613504469,0.5225107881133605,-0.5067873731938901,-0.4677045175630596,False,False,True,0
0.9085997380242599,-0.8729068174381409,-0.5527137238424564,-0.5067873731938901,-0.3801209219638616,False,False,False,0
0.9085997380242599,-0.5967162093212154,-0.5527137238424564,-0.5067873731938901,-0.5036203511241232,True,False,True,0
0.9085997380242599,2.8211425661257374,-0.5527137238424564,-0.5067873731938901,-0.5069283884258001,True,True,False,0
-0.2871914144217163,-0.044334993087364466,0.5225107881133605,-0.5067873731938901,-0.2564627070131195,True,False,True,0
-1.4829825668676926,-0.3895732532335213,-0.5527137238424564,0.664747073929648,4.025475898733713,True,False,False,0
0.9085997380242599,-1.9086215978766115,3.748184323980811,1.8362815210531864,-0.06223365972894651,False,False,True,0
-0.2871914144217163,-0.5967162093212154,1.5977353000691772,-0.5067873731938901,0.7359484834899545,True,False,True,0
-0.2871914144217163,0.19733178901494533,0.5225107881133605,-0.5067873731938901,-0.08499673697854274,True,False,False,0
-0.2871914144217163,0.19733178901494533,-0.5527137238424564,-0.5067873731938901,-0.4076872693754927,False,False,True,1
-1.4829825668676926,1.6818563076434199,-0.5527137238424564,0.664747073929648,0.8075438622333904,True,False,True,0
0.9085997380242599,-1.2181450775842977,0.5225107881133605,-0.5067873731938901,-0.4409245378757128,True,False,False,1
0.9085997380242599,-0.3895732532335213,-0.5527137238424564,-0.5067873731938901,-0.518427126086429,True,False,True,1
0.9085997380242599,1.0604274393803375,-0.5527137238424564,-0.5067873731938901,-0.521578267904655,True,False,True,0
0.9085997380242599,0.231855615029561,-0.5527137238424564,-0.5067873731938901,-0.5041723207767458,True,False,False,0
0.9085997380242599,-0.6657638613504469,-0.5527137238424564,-0.5067873731938901,-0.5201605376325078,True,False,True,0
0.9085997380242599,1.1985227434388002,0.5225107881133605,-0.5067873731938901,-0.3793326639325477,False,False,True,0
-0.2871914144217163,-0.044334993087364466,0.5225107881133605,-0.5067873731938901,-0.1619473555366363,False,False,True,1
-0.2871914144217163,-0.32052560120428997,-0.5527137238424564,-0.5067873731938901,-0.4076872693754927,True,False,True,0
-0.2871914144217163,-0.4586209052627527,-0.5527137238424564,-0.5067873731938901,-0.36901536816537484,True,False,False,0
-1.4829825668676926,-0.7348115133796782,-0.5527137238424564,1.8362815210531864,-0.15659211572197876,False,False,True,1
-1.4829825668676926,0.5080462231464865,0.5225107881133605,-0.5067873731938901,0.3503258494659029,True,False,True,0
0.9085997380242599,-0.9419544694673723,-0.5527137238424564,-0.5067873731938901,-0.4792032552236885,True,False,True,0
-1.4829825668676926,-0.3895732532335213,-0.5527137238424564,-0.5067873731938901,0.8436959841731454,True,False,False,0
0.9085997380242599,-0.527668557291984,-0.5527137238424564,-0.5067873731938901,-0.5069283884258001,False,False,True,1
0.9085997380242599,-0.3895732532335213,0.5225107881133605,-0.5067873731938901,-0.35381351903389724,False,False,True,1
0.9085997380242599,-0.7348115133796782,-0.5527137238424564,-0.5067873731938901,-0.5258314587210967,True,True,False,0
-0.2871914144217163,-0.8038591654089096,-0.5527137238424564,-0.5067873731938901,-0.4360418748184377,True,False,True,0
-0.2871914144217163,-0.7348115133796782,0.5225107881133605,0.664747073929648,0.04126065013780266,True,False,True,0
0.9085997380242599,-0.1824302971458272,-0.5527137238424564,-0.5067873731938901,-0.5060626278062755,True,False,True,1
0.9085997380242599,-1.425288033671992,1.5977353000691772,1.8362815210531864,-0.003634141813526875,False,False,True,0
-0.2871914144217163,0.47352239713187083,-0.5527137238424564,1.8362815210531864,-0.1619473555366363,True,False,True,0
-0.2871914144217163,0.8532844832926434,-0.5527137238424564,-0.5067873731938901,-0.4076872693754927,True,False,True,0
-0.2871914144217163,1.4747133515557256,-0.5527137238424564,-0.5067873731938901,-0.4166662277657586,True,False,True,0
-1.4829825668676926,-0.527668557291984,0.5225107881133605,-0.5067873731938901,0.6055172984524075,False,False,True,1
0.9085997380242599,1.785427785687267,-0.5527137238424564,-0.5067873731938901,-0.5012574673372111,True,False,True,0
0.9085997380242599,0.7497130052487962,-0.5527137238424564,1.8362815210531864,-0.3793326639325477,True,False,True,0
-1.4829825668676926,1.4747133515557256,-0.5527137238424564,0.664747073929648,0.5068281490547228,True,False,False,0
0.9085997380242599,-0.9419544694673723,-0.5527137238424564,-0.5067873731938901,-0.5072440696997316,False,True,False,1
0.9085997380242599,0.024712658941866902,-0.5527137238424564,-0.5067873731938901,-0.5012574673372111,True,False,True,0
0.9085997380242599,0.9913797873511061,-0.5527137238424564,0.664747073929648,-0.3490877514600731,True,False,True,0
-0.2871914144217163,0.7151891792341806,-0.5527137238424564,-0.5067873731938901,-0.35570382606342693,False,False,True,1
0.9085997380242599,-0.25147794917505856,-0.5527137238424564,-0.5067873731938901,-0.5064558116684177,True,False,True,0
0.9085997380242599,-0.8729068174381409,-0.5527137238424564,-0.5067873731938901,-0.4896793367813419,True,False,True,0
0.9085997380242599,-1.9776692499058428,3.748184323980811,0.664747073929648,0.09678841913023657,True,False,True,0
0.9085997380242599,-1.425288033671992,-0.5527137238424564,1.8362815210531864,-0.2654416654033855,True,False,True,1
0.9085997380242599,1.0604274393803375,0.5225107881133605,4.179350415300263,-0.12603152197557269,False,False,True,0
0.9085997380242599,-0.11338264511659583,-0.5527137238424564,-0.5067873731938901,0.41451689557467125,True,False,True,0
-1.4829825668676926,2.1651898718480393,-0.5527137238424564,-0.5067873731938901,-0.02017432832191144,True,False,True,0
0.9085997380242599,-1.7705262938181487,3.748184323980811,0.664747073929648,-0.10287526086383428,True,True,False,0
0.9085997380242599,-1.9776692499058428,0.5225107881133605,0.664747073929648,-0.442973630695723,False,False,True,1
0.9085997380242599,-0.5967162093212154,-0.5527137238424564,-0.5067873731938901,-0.5036203511241232,True,False,True,0
-1.4829825668676926,1.8199516117018826,-0.5527137238424564,-0.5067873731938901,-0.07318231804398233,True,False,False,0
0.9085997380242599,-0.8038591654089096,0.5225107881133605,0.664747073929648,-0.5049586885010302,True,False,True,0
-1.4829825668676926,1.4056656995264942,-0.5527137238424564,-0.5067873731938901,-0.11067277736064417,False,False,False,0
-0.2871914144217163,0.024712658941866902,-0.5527137238424564,-0.5067873731938901,-0.4076872693754927,True,False,True,0
0.9085997380242599,0.43899857111725515,-0.5527137238424564,-0.5067873731938901,-0.6534271832143491,True,False,True,0
0.9085997380242599,-1.425288033671992,3.748184323980811,1.8362815210531864,-0.06010706432072562,True,False,True,0
-0.2871914144217163,-1.9776692499058428,1.5977353000691772,0.664747073929648,0.08379255830222011,True,False,True,1
0.9085997380242599,-1.7705262938181487,-0.5527137238424564,1.8362815210531864,-0.2370870599604405,False,False,True,1
-1.4829825668676926,1.0604274393803375,-0.5527137238424564,-0.5067873731938901,-0.15155066687422314,True,False,True,1
0.9085997380242599,0.7151891792341806,0.5225107881133605,0.664747073929648,-0.3604295936372511,True,True,False,0
0.9085997380242599,0.43899857111725515,-0.5527137238424564,-0.5067873731938901,-0.5041723207767458,True,False,True,0
-0.2871914144217163,0.16280796300032965,-0.5527137238424564,-0.5067873731938901,-0.4076872693754927,False,False,True,1
-0.2871914144217163,-0.7348115133796782,-0.5527137238424564,-0.5067873731938901,-0.4076872693754927,True,False,True,0
0.9085997380242599,-0.7348115133796782,0.5225107881133605,-0.5067873731938901,-0.5049586885010302,False,False,True,1
-0.2871914144217163,-1.83957394584738,0.5225107881133605,0.664747073929648,-0.1619473555366363,True,False,True,1
-1.4829825668676926,0.9913797873511061,-0.5527137238424564,-0.5067873731938901,-0.1294189521724898,False,False,False,1
-1.4829825668676926,1.9580469157603453,-0.5527137238424564,-0.5067873731938901,2.116265798908752,False,False,False,1
0.9085997380242599,0.8532844832926434,-0.5527137238424564,0.664747073929648,-0.49456199983861704,True,False,True,0
-0.2871914144217163,-0.3895732532335213,-0.5527137238424564,-0.5067873731938901,-0.4076872693754927,False,False,True,0
0.9085997380242599,-0.11338264511659583,-0.5527137238424564,-0.5067873731938901,-0.473848015409031,True,False,True,0
0.9085997380242599,0.3009032670587924,-0.5527137238424564,-0.5067873731938901,-0.5306366191901611,True,False,True,0
0.9085997380242599,1.0949512653949531,-0.5527137238424564,-0.5067873731938901,-0.5168525003308309,True,False,False,0
0.9085997380242599,-0.8038591654089096,-0.5527137238424564,-0.5067873731938901,-0.5012574673372111,True,False,True,1
0.9085997380242599,-1.9086215978766115,-0.5527137238424564,0.664747073929648,-0.455653810249808,False,False,True,0
0.9085997380242599,0.16280796300032965,0.5225107881133605,-0.5067873731938901,-0.35381351903389724,True,False,True,0
0.9085997380242599,-0.25147794917505856,-0.5527137238424564,-0.5067873731938901,-0.29828575004146335,True,False,False,1
0.9085997380242599,-0.9419544694673723,-0.5527137238424564,-0.5067873731938901,-0.5069283884258001,False,True,False,1
-1.4829825668676926,0.7151891792341806,-0.5527137238424564,-0.5067873731938901,-0.06743200406015305,True,False,False,1
0.9085997380242599,-0.3895732532335213,-0.5527137238424564,-0.5067873731938901,-0.5201605376325078,True,False,True,0
-0.2871914144217163,0.36995091908802374,-0.5527137238424564,-0.5067873731938901,-0.2564627070131195,False,False,True,1
0.9085997380242599,-0.527668557291984,-0.5527137238424564,-0.5067873731938901,-0.5163799235734484,True,False,True,0
-0.2871914144217163,0.024712658941866902,-0.5527137238424564,-0.5067873731938901,-0.4076872693754927,True,False,True,0
-1.4829825668676926,0.09376031097109827,0.5225107881133605,-0.5067873731938901,1.4878181044853787,False,False,False,1
0.9085997380242599,-0.1824302971458272,-0.5527137238424564,-0.5067873731938901,-0.5036203511241232,False,False,True,1
-0.2871914144217163,0.8532844832926434,0.5225107881133605,-0.5067873731938901,-0.14304428524133964,True,False,True,0
-1.4829825668676926,0.16280796300032965,-0.5527137238424564,-0.5067873731938901,0.7887201848333342,False,False,False,1
-0.2871914144217163,0.024712658941866902,-0.5527137238424564,-0.5067873731938901,-0.45494494511373434,True,False,True,0
0.9085997380242599,-0.9419544694673723,-0.5527137238424564,-0.5067873731938901,-0.5012574673372111,True,False,True,1
-0.2871914144217163,-0.1824302971458272,-0.5527137238424564,-0.5067873731938901,-0.4076872693754927,True,False,True,0
0.9085997380242599,1.4747133515557256,-0.5527137238424564,-0.5067873731938901,-0.5012574673372111,True,False,True,0
-1.4829825668676926,0.5770938751757179,0.5225107881133605,-0.5067873731938901,1.0478491433623491,True,False,True,1
0.9085997380242599,-0.527668557291984,-0.5527137238424564,-0.5067873731938901,-0.47668347595332544,True,False,True,0
-0.2871914144217163,-0.7348115133796782,-0.5527137238424564,-0.5067873731938901,-0.45494494511373434,True,False,True,1
0.9085997380242599,-0.6312400353358311,-0.5527137238424564,-0.5067873731938901,-0.5163799235734484,True,False,True,0
-0.2871914144217163,-0.8038591654089096,-0.5527137238424564,-0.5067873731938901,-0.4076872693754927,True,False,True,0
-1.4829825668676926,0.36995091908802374,0.5225107881133605,-0.5067873731938901,0.9245066096855384,False,False,True,1
0.9085997380242599,-0.044334993087364466,-0.5527137238424564,-0.5067873731938901,-0.5064558116684177,True,False,True,0
-0.2871914144217163,2.0270945677895766,-0.5527137238424564,-0.5067873731938901,-0.3982357342278444,True,False,True,0
0.9085997380242599,-1.7014786417889174,3.748184323980811,1.8362815210531864,-0.06010706432072562,False,False,True,1
-0.2871914144217163,-0.3895732532335213,-0.5527137238424564,-0.5067873731938901,-0.45494494511373434,True,False,True,0
-0.2871914144217163,0.9913797873511061,0.5225107881133605,-0.5067873731938901,-0.1619473555366363,True,False,True,0
-0.2871914144217163,-1.4943356857012233,-0.5527137238424564,1.8362815210531864,-0.15722158796281213,False,False,True,1
-0.2871914144217163,-0.7348115133796782,-0.5527137238424564,-0.5067873731938901,-0.45494494511373434,True,False,True,0
-0.2871914144217163,0.231855615029561,-0.5527137238424564,-0.5067873731938901,-0.4213919953395828,True,False,True,0
-0.2871914144217163,-0.044334993087364466,-0.5527137238424564,-0.5067873731938901,-0.45494494511373434,True,False,True,0
0.9085997380242599,-0.527668557291984,-0.5527137238424564,-0.5067873731938901,-0.5187428073603605,True,False,True,0
0.9085997380242599,0.024712658941866902,-0.5527137238424564,-0.5067873731938901,-0.5168525003308309,True,False,False,0
-1.4829825668676926,0.9913797873511061,1.5977353000691772,-0.5067873731938901,1.0478491433623491,True,True,False,0
0.9085997380242599,-0.32052560120428997,-0.5527137238424564,-0.5067873731938901,-0.5064558116684177,False,False,True,0
-0.2871914144217163,-0.3895732532335213,-0.5527137238424564,1.8362815210531864,-0.3793326639325477,False,False,True,1
-1.4829825668676926,0.5080462231464865,0.5225107881133605,0.664747073929648,0.34000855369872995,True,False,True,1
-0.2871914144217163,1.6818563076434199,0.5225107881133605,-0.5067873731938901,-0.1619473555366363,True,False,True,0
0.9085997380242599,-0.044334993087364466,0.5225107881133605,0.664747073929648,-0.455653810249808,False,False,True,0
-1.4829825668676926,2.234237523877271,-0.5527137238424564,-0.5067873731938901,-0.15155066687422314,True,False,True,0
0.9085997380242599,0.024712658941866902,0.5225107881133605,-0.5067873731938901,-0.3490877514600731,True,False,True,0
0.9085997380242599,0.7842368312634119,-0.5527137238424564,1.8362815210531864,-0.27134887487066567,False,False,True,0
0.9085997380242599,-0.044334993087364466,-0.5527137238424564,1.8362815210531864,-0.3652347541063155,False,False,False,1
-1.4829825668676926,0.024712658941866902,-0.5527137238424564,-0.5067873731938901,0.9816883973288109,False,False,True,1
-1.4829825668676926,0.36995091908802374,-0.5527137238424564,-0.5067873731938901,9.031167698718745,False,False,False,1
-0.2871914144217163,1.4056656995264942,-0.5527137238424564,0.664747073929648,-0.1619473555366363,False,False,True,1
0.9085997380242599,-1.83957394584738,3.748184323980811,1.8362815210531864,-0.06010706432072562,True,False,True,1
-1.4829825668676926,1.5437610035849572,0.5225107881133605,0.664747073929648,0.8522023658060289,True,False,True,0
-1.4829825668676926,0.7151891792341806,-0.5527137238424564,-0.5067873731938901,-0.6534271832143491,True,False,True,0
-0.2871914144217163,0.43899857111725515,-0.5527137238424564,-0.5067873731938901,-0.45494494511373434,True,False,True,0
0.9085997380242599,-0.9419544694673723,3.748184323980811,0.664747073929648,0.09678841913023657,True,False,True,0
0.9085997380242599,-0.32052560120428997,0.5225107881133605,-0.5067873731938901,-0.5064558116684177,True,False,True,1
-1.4829825668676926,1.9580469157603453,-0.5527137238424564,0.664747073929648,2.247485241977613,False,False,True,1
-1.4829825668676926,0.36995091908802374,-0.5527137238424564,-0.5067873731938901,1.9104586210687096,False,False,True,1
0.9085997380242599,-0.32052560120428997,-0.5527137238424564,-0.5067873731938901,-0.6534271832143491,True,False,True,1
-0.2871914144217163,0.7842368312634119,-0.5527137238424564,0.664747073929648,-0.2848173124560645,False,False,True,1
-1.4829825668676926,0.5080462231464865,-0.5527137238424564,0.664747073929648,-0.09200599544403872,True,False,False,0
-1.4829825668676926,2.3032851759065025,0.5225107881133605,-0.5067873731938901,0.8202240417874754,False,False,True,1
0.9085997380242599,1.0604274393803375,-0.5527137238424564,-0.5067873731938901,-0.5069283884258001,False,False,True,0
0.9085997380242599,-1.5633833377304547,3.748184323980811,0.664747073929648,-0.10287526086383428,True,True,False,0
0.9085997380242599,0.36995091908802374,0.5225107881133605,0.664747073929648,-0.270640009734592,False,False,True,1
0.9085997380242599,2.441380479964965,-0.5527137238424564,-0.5067873731938901,-0.5069283884258001,True,True,False,0
0.9085997380242599,-0.11338264511659583,-0.5527137238424564,-0.5067873731938901,-0.5049586885010302,True,False,True,0
0.9085997380242599,-0.9419544694673723,-0.5527137238424564,-0.5067873731938901,-0.473848015409031,True,False,True,0
0.9085997380242599,-0.7348115133796782,-0.5527137238424564,-0.5067873731938901,-0.5012574673372111,True,False,True,1
0.9085997380242599,0.231855615029561,-0.5527137238424564,-0.5067873731938901,-0.4896793367813419,True,False,False,0
0.9085997380242599,0.024712658941866902,-0.5527137238424564,-0.5067873731938901,-0.473848015409031,True,False,True,1
0.9085997380242599,-0.527668557291984,-0.5527137238424564,-0.5067873731938901,-0.5041723207767458,True,False,True,0
-0.2871914144217163,0.8532844832926434,-0.5527137238424564,-0.5067873731938901,-0.4076872693754927,True,False,True,1
0.9085997380242599,-0.527668557291984,-0.5527137238424564,-0.5067873731938901,-0.5069283884258001,False,True,False,1
-1.4829825668676926,-0.25147794917505856,-0.5527137238424564,-0.5067873731938901,0.8370799095697914,False,False,True,1
-1.4829825668676926,-0.7348115133796782,0.5225107881133605,-0.5067873731938901,1.0682493368250332,False,False,False,1
-0.2871914144217163,0.43899857111725515,-0.5527137238424564,-0.5067873731938901,-0.4100501531624048,True,False,False,0
0.9085997380242599,-0.3895732532335213,-0.5527137238424564,-0.5067873731938901,-0.4861350111009738,False,False,True,0
0.9085997380242599,-0.3895732532335213,-0.5527137238424564,-0.5067873731938901,-0.5041723207767458,True,False,True,0
0.9085997380242599,-0.424097079248137,-0.5527137238424564,-0.5067873731938901,-0.5167731074355907,True,False,False,0
-1.4829825668676926,-1.9086215978766115,0.5225107881133605,1.8362815210531864,2.211333120037858,False,False,True,0
-1.4829825668676926,1.4056656995264942,-0.5527137238424564,0.664747073929648,4.025475898733713,False,False,False,1
0.9085997380242599,-0.7348115133796782,-0.5527137238424564,-0.5067873731938901,-0.6534271832143491,True,False,True,0
-1.4829825668676926,-1.9831930620681812,0.5225107881133605,1.8362815210531864,2.211333120037858,True,False,True,1
-1.4829825668676926,-0.8729068174381409,0.5225107881133605,-0.5067873731938901,1.4051171719434559,False,False,False,1
-0.2871914144217163,0.024712658941866902,0.5225107881133605,-0.5067873731938901,-0.1997534961272296,True,False,False,0
-1.4829825668676926,0.024712658941866902,-0.5527137238424564,-0.5067873731938901,0.4227094862406528,False,False,False,1
-1.4829825668676926,-0.3895732532335213,-0.5527137238424564,-0.5067873731938901,0.918520007323018,False,False,False,1
-1.4829825668676926,-0.8038591654089096,1.5977353000691772,1.8362815210531864,4.306265885514109,False,False,False,1
-0.2871914144217163,-0.25147794917505856,0.5225107881133605,0.664747073929648,-0.1619473555366363,False,False,True,0
0.9085997380242599,-0.11338264511659583,-0.5527137238424564,-0.5067873731938901,-0.5041723207767458,True,False,True,0
-0.2871914144217163,0.9223321353218747,0.5225107881133605,0.664747073929648,-0.15722158796281213,True,False,True,0
0.9085997380242599,-0.25147794917505856,-0.5527137238424564,-0.5067873731938901,-0.5049586885010302,False,False,True,1
-0.2871914144217163,-0.3895732532335213,0.5225107881133605,-0.5067873731938901,-0.1619473555366363,False,False,True,1
-0.2871914144217163,1.6818563076434199,-0.5527137238424564,-0.5067873731938901,-0.38878419908019607,True,False,True,0
-1.4829825668676926,0.09376031097109827,-0.5527137238424564,1.8362815210531864,2.463059636239235,False,False,True,1
-1.4829825668676926,0.7151891792341806,0.5225107881133605,0.664747073929648,1.88903577150305,False,False,False,1
0.9085997380242599,-0.527668557291984,-0.5527137238424564,-0.5067873731938901,-0.5163799235734484,True,False,True,0
0.9085997380242599,-0.1824302971458272,-0.5527137238424564,-0.5067873731938901,-0.5041723207767458,True,False,True,0
-0.2871914144217163,0.024712658941866902,-0.5527137238424564,-0.5067873731938901,-0.4199742650674355,False,True,False,1
-0.2871914144217163,-0.527668557291984,0.5225107881133605,0.664747073929648,-0.10523814465074635,False,False,True,1
-1.4829825668676926,0.43899857111725515,-0.5527137238424564,-0.5067873731938901,1.9104586210687096,False,False,False,1
0.9085997380242599,2.1651898718480393,-0.5527137238424564,-0.5067873731938901,-0.5355192822474363,True,False,True,0
-0.2871914144217163,0.43899857111725515,-0.5527137238424564,-0.5067873731938901,-0.4076872693754927,False,False,True,1
0.9085997380242599,0.09376031097109827,0.5225107881133605,0.664747073929648,-0.2654416654033855,False,False,True,1
-1.4829825668676926,-0.9419544694673723,-0.5527137238424564,0.664747073929648,0.4425577100507142,False,False,False,1
-1.4829825668676926,1.0949512653949531,-0.5527137238424564,-0.5067873731938901,-0.11468967979839467,True,False,True,0
-1.4829825668676926,0.5770938751757179,-0.5527137238424564,0.664747073929648,2.247485241977613,True,False,True,0
0.9085997380242599,-0.9419544694673723,1.5977353000691772,-0.5067873731938901,-0.3131719178990095,True,False,True,0
-1.4829825668676926,-0.044334993087364466,0.5225107881133605,-0.5067873731938901,0.6055172984524075,True,False,True,0
-1.4829825668676926,0.7842368312634119,-0.5527137238424564,-0.5067873731938901,1.88903577150305,False,False,False,1
0.9085997380242599,1.0604274393803375,-0.5527137238424564,-0.5067873731938901,-0.5012574673372111,True,False,True,1
-1.4829825668676926,1.0604274393803375,-0.5527137238424564,-0.5067873731938901,0.017631812268681855,True,False,True,0
-0.2871914144217163,-1.9086215978766115,0.5225107881133605,0.664747073929648,-0.1619473555366363,True,False,True,1
-1.4829825668676926,-0.3895732532335213,2.672959812024994,1.8362815210531864,4.318080304448669,False,False,True,1
-0.2871914144217163,-0.11338264511659583,-0.5527137238424564,-0.5067873731938901,-0.4076872693754927,True,False,True,0
-0.2871914144217163,-0.32052560120428997,-0.5527137238424564,-0.5067873731938901,-0.4076872693754927,True,False,True,0
-0.2871914144217163,0.43899857111725515,-0.5527137238424564,-0.5067873731938901,-0.4076872693754927,True,False,True,0
-0.2871914144217163,-0.3895732532335213,-0.5527137238424564,-0.5067873731938901,-0.4076872693754927,False,False,True,1
-0.2871914144217163,0.7151891792341806,-0.5527137238424564,-0.5067873731938901,-0.4076872693754927,False,False,True,1
0.9085997380242599,-1.83957394584738,0.5225107881133605,0.664747073929648,-0.3528683655191325,True,False,True,1
0.9085997380242599,0.8532844832926434,-0.5527137238424564,-0.5067873731938901,-0.4896793367813419,True,False,True,0
0.9085997380242599,-0.4586209052627527,-0.5527137238424564,-0.5067873731938901,-0.4790463597402375,True,False,True,0
0.9085997380242599,-1.0110021214966036,0.5225107881133605,0.664747073929648,-0.5167731074355907,True,False,False,0
0.9085997380242599,-0.32052560120428997,0.5225107881133605,-0.5067873731938901,-0.3169525319580688,True,False,True,0
0.9085997380242599,-0.11338264511659583,-0.5527137238424564,-0.5067873731938901,-0.473848015409031,True,False,True,0
-1.4829825668676926,-0.527668557291984,-0.5527137238424564,0.664747073929648,0.3862416830269665,False,False,True,1
-0.2871914144217163,0.5770938751757179,-0.5527137238424564,-0.5067873731938901,-0.4076872693754927,False,False,True,0
0.9085997380242599,0.7151891792341806,0.5225107881133605,4.179350415300263,-0.12603152197557269,True,False,True,0
-0.2871914144217163,-0.044334993087364466,0.5225107881133605,-0.5067873731938901,-0.1294189521724898,True,False,False,0
0.9085997380242599,1.0604274393803375,-0.5527137238424564,0.664747073929648,-0.3801984245520723,False,False,False,0
0.9085997380242599,0.36995091908802374,-0.5527137238424564,-0.5067873731938901,-0.5201605376325078,True,False,True,0
0.9085997380242599,0.024712658941866902,-0.5527137238424564,-0.5067873731938901,-0.5163799235734484,True,False,True,0
-1.4829825668676926,2.096142219818808,0.5225107881133605,-0.5067873731938901,0.7690288565067236,False,False,False,1
-1.4829825668676926,-0.3895732532335213,-0.5527137238424564,-0.5067873731938901,0.6565555882497085,False,False,False,1
-1.4829825668676926,-0.32052560120428997,0.5225107881133605,-0.5067873731938901,0.39459116917639897,True,False,False,1
0.9085997380242599,-0.8038591654089096,0.5225107881133605,-0.5067873731938901,-0.5306366191901611,True,False,True,0
0.9085997380242599,-0.7348115133796782,-0.5527137238424564,-0.5067873731938901,-0.5012574673372111,True,False,True,0
-1.4829825668676926,-0.527668557291984,-0.5527137238424564,-0.5067873731938901,1.9104586210687096,True,False,False,0
0.9085997380242599,-1.83957394584738,2.672959812024994,0.664747073929648,-0.2550449767409723,False,False,True,0
0.9085997380242599,-0.527668557291984,-0.5527137238424564,-0.5067873731938901,-0.5163799235734484,False,False,True,1
-1.4829825668676926,-0.1824302971458272,-0.5527137238424564,1.8362815210531864,3.3445721842408918,True,False,False,0
0.9085997380242599,-0.6657638613504469,-0.5527137238424564,-0.5067873731938901,-0.5775786136544714,True,False,False,0
0.9085997380242599,-0.7348115133796782,-0.5527137238424564,-0.5067873731938901,-0.5064558116684177,True,False,True,0
-1.4829825668676926,0.8532844832926434,-0.5527137238424564,-0.5067873731938901,3.6474938857230206,False,False,False,1
0.9085997380242599,-1.9776692499058428,-0.5527137238424564,1.8362815210531864,-0.35586072154687787,False,False,False,1
0.9085997380242599,0.16280796300032965,-0.5527137238424564,-0.5067873731938901,-0.5036203511241232,True,False,True,0
-1.4829825668676926,0.36995091908802374,0.5225107881133605,-0.5067873731938901,0.32953247214107656,False,False,True,1
-0.2871914144217163,-0.8038591654089096,-0.5527137238424564,-0.5067873731938901,0.7359484834899545,True,False,True,0
0.9085997380242599,-1.9776692499058428,4.823408835936628,1.8362815210531864,0.2331268136350636,True,False,True,0
-0.2871914144217163,0.43899857111725515,-0.5527137238424564,-0.5067873731938901,-0.4076872693754927,False,False,True,1
-0.2871914144217163,-0.8729068174381409,-0.5527137238424564,-0.5067873731938901,-0.42659033967078935,False,False,False,1
-1.4829825668676926,0.43899857111725515,0.5225107881133605,1.8362815210531864,1.6149412522212485,True,False,True,1
0.9085997380242599,-0.5967162093212154,-0.5527137238424564,-0.5067873731938901,-0.5060626278062755,True,False,True,1
0.9085997380242599,-0.11338264511659583,1.5977353000691772,-0.5067873731938901,-0.5036203511241232,True,False,True,0
-1.4829825668676926,-0.4586209052627527,0.5225107881133605,-0.5067873731938901,1.4878181044853787,False,False,False,1
0.9085997380242599,-0.3895732532335213,-0.5527137238424564,1.8362815210531864,-0.3377459092828951,False,False,True,1
0.9085997380242599,-0.527668557291984,-0.5527137238424564,-0.5067873731938901,-0.5060626278062755,True,False,True,0
0.9085997380242599,0.09376031097109827,-0.5527137238424564,-0.5067873731938901,-0.5049586885010302,False,False,True,0
-0.2871914144217163,1.1294750914095688,-0.5527137238424564,-0.5067873731938901,-0.1619473555366363,True,False,True,0
-0.2871914144217163,-0.4586209052627527,-0.5527137238424564,-0.5067873731938901,-0.45494494511373434,True,False,True,0
-0.2871914144217163,-0.11338264511659583,-0.5527137238424564,-0.5067873731938901,-0.41430334397884655,False,False,True,1
0.9085997380242599,0.6461415272049492,-0.5527137238424564,-0.5067873731938901,-0.5036203511241232,True,False,True,1
0.9085997380242599,-0.25147794917505856,-0.5527137238424564,-0.5067873731938901,-0.5012574673372111,True,False,True,0
0.9085997380242599,-0.5967162093212154,0.5225107881133605,-0.5067873731938901,-0.4677045175630596,False,False,True,0
0.9085997380242599,-0.11338264511659583,0.5225107881133605,-0.5067873731938901,-0.35381351903389724,True,False,True,0
0.9085997380242599,-0.6657638613504469,-0.5527137238424564,-0.5067873731938901,-0.4896793367813419,False,False,True,0
-0.2871914144217163,0.3009032670587924,0.5225107881133605,-0.5067873731938901,-0.2564627070131195,True,False,True,0
0.9085997380242599,1.4747133515557256,-0.5527137238424564,-0.5067873731938901,-0.5069283884258001,True,False,True,0
-0.2871914144217163,-1.83957394584738,0.5225107881133605,0.664747073929648,-0.298994615177537,True,False,True,1
0.9085997380242599,-0.5967162093212154,-0.5527137238424564,-0.5067873731938901,-0.5064558116684177,True,False,True,0
-1.4829825668676926,0.231855615029561,0.5225107881133605,-0.5067873731938901,1.0478491433623491,False,True,False,1
0.9085997380242599,0.9913797873511061,-0.5527137238424564,-0.5067873731938901,-0.5036203511241232,True,False,True,1
-0.2871914144217163,0.3009032670587924,0.5225107881133605,0.664747073929648,-0.03907739861720809,False,False,True,1
-0.2871914144217163,-0.8038591654089096,-0.5527137238424564,1.8362815210531864,-0.4076872693754927,False,False,True,1
-0.2871914144217163,0.024712658941866902,-0.5527137238424564,-0.5067873731938901,-0.4076872693754927,True,False,True,0
0.9085997380242599,-1.3562403816427606,-0.5527137238424564,1.8362815210531864,-0.1969180355829351,False,False,True,0
0.9085997380242599,-0.5967162093212154,-0.5527137238424564,-0.5067873731938901,-0.5072440696997316,True,True,False,0
0.9085997380242599,-0.044334993087364466,-0.5527137238424564,-0.5067873731938901,-0.504565504638888,True,False,True,0
0.9085997380242599,-0.11338264511659583,0.5225107881133605,0.664747073929648,-0.3812229709620774,False,False,True,0
0.9085997380242599,-0.8038591654089096,0.5225107881133605,0.664747073929648,-0.27134887487066567,True,False,True,0
-0.2871914144217163,-0.11338264511659583,0.5225107881133605,-0.5067873731938901,-0.1619473555366363,False,False,True,1
-0.2871914144217163,-0.7348115133796782,-0.5527137238424564,-0.5067873731938901,-0.1619473555366363,False,False,True,1
0.9085997380242599,0.16280796300032965,-0.5527137238424564,-0.5067873731938901,-0.5012574673372111,True,False,True,1
-1.4829825668676926,-0.11338264511659583,-0.5527137238424564,-0.5067873731938901,-0.15155066687422314,True,False,True,1
-0.2871914144217163,0.8532844832926434,0.5225107881133605,-0.5067873731938901,-0.1619473555366363,False,False,True,1
0.9085997380242599,-0.8729068174381409,-0.5527137238424564,-0.5067873731938901,-0.5187428073603605,True,False,True,0
-1.4829825668676926,1.4056656995264942,0.5225107881133605,-0.5067873731938901,0.40325444629273344,True,False,True,0
-1.4829825668676926,-1.080049773525835,0.5225107881133605,1.8362815210531864,1.6149412522212485,False,False,True,1
0.9085997380242599,-0.5967162093212154,1.5977353000691772,1.8362815210531864,-0.003634141813526875,False,False,True,0
-0.2871914144217163,-0.3895732532335213,1.5977353000691772,3.007815968176725,-0.298994615177537,False,False,True,1
-1.4829825668676926,2.372332827935734,0.5225107881133605,4.179350415300263,4.318080304448669,True,False,True,0
-0.2871914144217163,0.09376031097109827,-0.5527137238424564,-0.5067873731938901,-0.45494494511373434,True,False,True,0
-0.2871914144217163,1.0604274393803375,0.5225107881133605,0.664747073929648,-0.15722158796281213,False,False,True,1
0.9085997380242599,-0.6657638613504469,-0.5527137238424564,-0.5067873731938901,-0.473848015409031,True,False,True,0
0.9085997380242599,-0.32052560120428997,0.5225107881133605,-0.5067873731938901,-0.5064558116684177,True,False,True,0
-0.2871914144217163,-0.11338264511659583,-0.5527137238424564,-0.5067873731938901,-0.4076872693754927,False,False,True,1
-1.4829825668676926,-1.7705262938181487,-0.5527137238424564,1.8362815210531864,0.8939460159391325,True,False,True,1
-0.2871914144217163,-1.1490974255550663,-0.5527137238424564,0.664747073929648,-0.2848173124560645,False,False,True,1
-1.4829825668676926,0.3009032670587924,-0.5527137238424564,-0.5067873731938901,-0.15155066687422314,True,False,True,1
0.9085997380242599,-1.7014786417889174,1.5977353000691772,0.664747073929648,-0.2893861845464377,False,False,False,1
-1.4829825668676926,1.5437610035849572,-0.5527137238424564,-0.5067873731938901,-0.07688353920780139,True,False,True,1
-0.2871914144217163,0.43899857111725515,0.5225107881133605,1.8362815210531864,-0.12886698251986717,True,False,True,0
-1.4829825668676926,0.024712658941866902,-0.5527137238424564,-0.5067873731938901,-0.12886698251986717,True,False,False,0
-1.4829825668676926,1.3366180474972629,0.5225107881133605,-0.5067873731938901,1.0309157729918226,True,False,False,1
0.9085997380242599,-0.044334993087364466,-0.5527137238424564,-0.5067873731938901,-0.5041723207767458,True,False,False,1
-1.4829825668676926,2.441380479964965,-0.5527137238424564,-0.5067873731938901,-0.15155066687422314,True,False,True,0
-0.2871914144217163,1.4056656995264942,-0.5527137238424564,-0.5067873731938901,-0.45494494511373434,False,False,True,1
-1.4829825668676926,1.2675703954680315,-0.5527137238424564,-0.5067873731938901,-0.15155066687422314,True,False,True,1
0.9085997380242599,0.3009032670587924,-0.5527137238424564,-0.5067873731938901,-0.5012574673372111,True,False,True,0
-1.4829825668676926,1.1985227434388002,-0.5527137238424564,-0.5067873731938901,0.07434102315457179,True,False,True,0
-0.2871914144217163,1.2675703954680315,-0.5527137238424564,-0.5067873731938901,-0.4076872693754927,True,False,True,0
0.9085997380242599,0.5770938751757179,-0.5527137238424564,-0.5067873731938901,-0.5201605376325078,True,False,True,0
-1.4829825668676926,1.8199516117018826,-0.5527137238424564,-0.5067873731938901,-0.15155066687422314,True,False,True,0
0.9085997380242599,-1.9949311629131508,1.5977353000691772,0.664747073929648,-0.2893861845464377,False,False,False,1
0.9085997380242599,0.5770938751757179,-0.5527137238424564,-0.5067873731938901,-0.4896793367813419,True,False,True,0
-0.2871914144217163,0.231855615029561,0.5225107881133605,1.8362815210531864,-0.12886698251986717,False,False,True,1
-0.2871914144217163,-0.4586209052627527,-0.5527137238424564,-0.5067873731938901,-0.3927217086227064,False,False,False,1
0.9085997380242599,-0.527668557291984,-0.5527137238424564,-0.5067873731938901,-0.46746822918436837,False,False,True,0
-0.2871914144217163,0.3009032670587924,0.5225107881133605,-0.5067873731938901,-0.2564627070131195,True,False,True,0
0.9085997380242599,-0.044334993087364466,0.5225107881133605,-0.5067873731938901,-0.520239930527748,True,False,True,0
0.9085997380242599,-0.527668557291984,-0.5527137238424564,-0.5067873731938901,-0.5112609721374821,True,False,True,0
0.9085997380242599,-1.9086215978766115,-0.5527137238424564,0.664747073929648,-0.42115570696089155,False,False,True,1
0.9085997380242599,-1.425288033671992,4.823408835936628,1.8362815210531864,0.2331268136350636,True,False,True,0
0.9085997380242599,1.4056656995264942,-0.5527137238424564,-0.5067873731938901,-0.5012574673372111,True,False,True,0
0.9085997380242599,2.3032851759065025,-0.5527137238424564,-0.5067873731938901,-0.47219399675819257,False,False,True,1
-1.4829825668676926,-0.32052560120428997,0.5225107881133605,-0.5067873731938901,1.0682493368250332,True,False,False,1
-1.4829825668676926,0.36995091908802374,0.5225107881133605,-0.5067873731938901,1.0478491433623491,False,False,True,1
-1.4829825668676926,1.9580469157603453,-0.5527137238424564,-0.5067873731938901,-0.09200599544403872,True,False,False,0
0.9085997380242599,0.024712658941866902,-0.5527137238424564,-0.5067873731938901,-0.5012574673372111,True,False,True,0
0.9085997380242599,-1.425288033671992,0.5225107881133605,0.664747073929648,-0.3528683655191325,True,False,True,1
0.9085997380242599,-0.5967162093212154,-0.5527137238424564,-0.5067873731938901,-0.5163799235734484,True,False,True,0
-1.4829825668676926,1.7509039596726512,-0.5527137238424564,-0.5067873731938901,-0.07688353920780139,True,False,True,0
-1.4829825668676926,2.8556663921403533,-0.5527137238424564,-0.5067873731938901,0.2823541892980751,True,False,False,0
0.9085997380242599,-0.5967162093212154,-0.5527137238424564,-0.5067873731938901,-0.5012574673372111,True,False,True,0
-1.4829825668676926,1.6818563076434199,0.5225107881133605,-0.5067873731938901,0.826053748666545,False,False,False,1
-1.4829825668676926,-0.32052560120428997,0.5225107881133605,1.8362815210531864,2.211333120037858,False,False,True,0
0.9085997380242599,-0.3895732532335213,-0.5527137238424564,-0.5067873731938901,-0.5060626278062755,True,False,True,0
0.9085997380242599,-0.8729068174381409,-0.5527137238424564,-0.5067873731938901,-0.4896793367813419,True,False,True,0
0.9085997380242599,-0.5967162093212154,-0.5527137238424564,-0.5067873731938901,-0.5069283884258001,False,True,False,0
0.9085997380242599,0.5080462231464865,-0.5527137238424564,-0.5067873731938901,-0.47219399675819257,False,False,True,0
-1.4829825668676926,-0.9419544694673723,-0.5527137238424564,-0.5067873731938901,0.9816883973288109,False,False,True,1
-1.4829825668676926,-0.8038591654089096,0.5225107881133605,-0.5067873731938901,1.4051171719434559,True,False,False,0
-0.2871914144217163,0.231855615029561,-0.5527137238424564,1.8362815210531864,-0.1619473555366363,False,False,True,1
0.9085997380242599,-0.11338264511659583,-0.5527137238424564,-0.5067873731938901,-0.22763552481279217,True,False,True,0
0.9085997380242599,-0.25147794917505856,-0.5527137238424564,-0.5067873731938901,0.41451689557467125,True,False,True,1
0.9085997380242599,-0.044334993087364466,-0.5527137238424564,-0.5067873731938901,-0.5069283884258001,True,True,False,1
-1.4829825668676926,0.43899857111725515,-0.5527137238424564,-0.5067873731938901,-0.15651272282673848,True,False,True,1
-1.4829825668676926,1.6818563076434199,0.5225107881133605,-0.5067873731938901,0.4694151923262717,False,False,False,1
0.9085997380242599,-0.3895732532335213,-0.5527137238424564,-0.5067873731938901,-0.5117335488948646,True,False,True,0
-1.4829825668676926,1.1985227434388002,-0.5527137238424564,-0.5067873731938901,-0.010329609312120923,True,False,True,0
-0.2871914144217163,0.3009032670587924,-0.5527137238424564,-0.5067873731938901,-0.45494494511373434,False,False,True,1
-0.2871914144217163,0.43899857111725515,0.5225107881133605,-0.5067873731938901,-0.1619473555366363,False,False,True,1
0.9085997380242599,0.16280796300032965,-0.5527137238424564,-0.5067873731938901,-0.5041723207767458,True,False,True,0
-1.4829825668676926,0.024712658941866902,-0.5527137238424564,-0.5067873731938901,1.1140098893958874,False,False,True,1
0.9085997380242599,-0.527668557291984,-0.5527137238424564,-0.5067873731938901,-0.5041723207767458,True,False,True,0
-1.4829825668676926,0.9913797873511061,-0.5527137238424564,0.664747073929648,0.4425577100507142,False,False,False,1
0.9085997380242599,0.7497130052487962,-0.5527137238424564,-0.5067873731938901,-0.5069283884258001,True,True,False,0
-0.2871914144217163,1.4056656995264942,-0.5527137238424564,-0.5067873731938901,-0.45494494511373434,False,False,True,1
0.9085997380242599,0.6461415272049492,-0.5527137238424564,-0.5067873731938901,-0.5036203511241232,True,False,True,0
-0.2871914144217163,-0.4586209052627527,1.5977353000691772,0.664747073929648,-0.4360418748184377,True,False,True,0
-0.2871914144217163,-1.9086215978766115,0.5225107881133605,0.664747073929648,-0.1619473555366363,False,False,True,1
0.9085997380242599,-0.8729068174381409,0.5225107881133605,0.664747073929648,-0.5167731074355907,True,False,False,0
0.9085997380242599,0.024712658941866902,-0.5527137238424564,-0.5067873731938901,-0.4896793367813419,False,False,True,0
-0.2871914144217163,-1.5633833377304547,-0.5527137238424564,1.8362815210531864,-0.15722158796281213,False,False,True,1
-1.4829825668676926,1.0604274393803375,-0.5527137238424564,-0.5067873731938901,-0.15155066687422314,True,False,True,0
-1.4829825668676926,0.024712658941866902,-0.5527137238424564,-0.5067873731938901,1.3583320729625965,False,False,False,1
-1.4829825668676926,-0.527668557291984,-0.5527137238424564,1.8362815210531864,0.2822747964028349,False,False,False,1
-1.4829825668676926,0.43899857111725515,-0.5527137238424564,1.8362815210531864,0.6886908077517129,False,False,True,1
0.9085997380242599,-1.425288033671992,3.748184323980811,1.8362815210531864,-0.06223365972894651,False,False,True,0
0.9085997380242599,-1.287192729613529,3.748184323980811,1.8362815210531864,-0.06223365972894651,False,False,True,0
-0.2871914144217163,0.16280796300032965,0.5225107881133605,-0.5067873731938901,-0.1619473555366363,True,False,True,1
-1.4829825668676926,1.4056656995264942,0.5225107881133605,-0.5067873731938901,1.3583320729625965,True,False,False,0
-1.4829825668676926,2.372332827935734,-0.5527137238424564,-0.5067873731938901,-0.1619473555366363,True,False,True,0
-0.2871914144217163,-0.7348115133796782,0.5225107881133605,-0.5067873731938901,-0.1619473555366363,False,False,True,1
0.9085997380242599,0.231855615029561,0.5225107881133605,0.664747073929648,-0.2654416654033855,True,False,True,0
-0.2871914144217163,-1.4943356857012233,0.5225107881133605,0.664747073929648,0.04126065013780266,True,False,True,1
-1.4829825668676926,-0.8729068174381409,-0.5527137238424564,1.8362815210531864,1.4426076312601177,True,False,False,1
-0.2871914144217163,-0.1824302971458272,-0.5527137238424564,-0.5067873731938901,-0.1619473555366363,True,False,True,0
0.9085997380242599,-0.527668557291984,-0.5527137238424564,-0.5067873731938901,-0.5168525003308309,True,False,False,1
0.9085997380242599,-0.527668557291984,-0.5527137238424564,-0.5067873731938901,-0.5064558116684177,False,False,True,1
-1.4829825668676926,2.234237523877271,-0.5527137238424564,-0.5067873731938901,-0.15155066687422314,True,False,True,0
-1.4829825668676926,1.2675703954680315,0.5225107881133605,-0.5067873731938901,0.09513440047939814,False,False,False,1
-1.4829825668676926,0.6461415272049492,0.5225107881133605,0.664747073929648,0.8522023658060289,False,False,True,1
0.9085997380242599,0.43899857111725515,0.5225107881133605,-0.5067873731938901,-0.3245137600761875,False,False,True,1
0.9085997380242599,0.7151891792341806,-0.5527137238424564,-0.5067873731938901,-0.5041723207767458,True,False,True,0
-0.2871914144217163,-0.11338264511659583,-0.5527137238424564,-0.5067873731938901,-0.3982357342278444,True,False,True,0
0.9085997380242599,-0.3895732532335213,1.5977353000691772,-0.5067873731938901,-0.1969180355829351,True,False,True,0
0.9085997380242599,-0.7348115133796782,-0.5527137238424564,-0.5067873731938901,-0.5041723207767458,True,False,True,0
0.9085997380242599,-0.044334993087364466,-0.5527137238424564,4.179350415300263,-0.2550449767409723,False,False,True,0
0.9085997380242599,0.16280796300032965,-0.5527137238424564,-0.5067873731938901,-0.5049586885010302,True,False,True,1
-0.2871914144217163,2.234237523877271,-0.5527137238424564,-0.5067873731938901,-0.45494494511373434,True,False,True,1
-1.4829825668676926,1.6128086556141885,1.5977353000691772,-0.5067873731938901,0.319687753131286,False,False,True,1
-1.4829825668676926,0.43899857111725515,-0.5527137238424564,-0.5067873731938901,-0.15462241579720887,True,False,True,1
0.9085997380242599,-0.9419544694673723,-0.5527137238424564,-0.5067873731938901,-0.5012574673372111,True,False,True,0
0.9085997380242599,-0.7348115133796782,-0.5527137238424564,-0.5067873731938901,-0.3793326639325477,True,False,True,0
-0.2871914144217163,0.3009032670587924,-0.5527137238424564,-0.5067873731938901,-0.4076872693754927,False,False,True,1
-1.4829825668676926,0.6461415272049492,0.5225107881133605,-0.5067873731938901,0.40325444629273344,False,False,True,1
0.9085997380242599,0.16280796300032965,-0.5527137238424564,-0.5067873731938901,-0.5036203511241232,True,False,True,1
-0.2871914144217163,-0.32052560120428997,0.5225107881133605,0.664747073929648,-0.08633507435544971,False,False,True,1
-1.4829825668676926,0.6461415272049492,0.5225107881133605,0.664747073929648,1.4426076312601177,False,False,False,1
-0.2871914144217163,1.6818563076434199,-0.5527137238424564,-0.5067873731938901,-0.1619473555366363,True,False,True,0
-1.4829825668676926,0.43899857111725515,-0.5527137238424564,-0.5067873731938901,0.10505851238442884,True,False,False,0
-1.4829825668676926,-0.8038591654089096,-0.5527137238424564,1.8362815210531864,0.8522023658060289,False,False,True,1
-0.2871914144217163,1.1985227434388002,-0.5527137238424564,-0.5067873731938901,-0.3698811287848994,True,False,True,0
-1.4829825668676926,2.096142219818808,0.5225107881133605,0.664747073929648,0.8436959841731454,True,False,False,1
0.9085997380242599,-0.527668557291984,-0.5527137238424564,-0.5067873731938901,-0.5012574673372111,True,False,True,0
0.9085997380242599,0.36995091908802374,-0.5527137238424564,-0.5067873731938901,-0.5187428073603605,True,False,True,0
-1.4829825668676926,1.5437610035849572,0.5225107881133605,-0.5067873731938901,0.826053748666545,False,False,False,1
0.9085997380242599,1.1985227434388002,-0.5527137238424564,-0.5067873731938901,-0.5163799235734484,True,False,True,0
-0.2871914144217163,0.5080462231464865,0.5225107881133605,-0.5067873731938901,-0.1619473555366363,True,False,True,0
0.9085997380242599,0.43899857111725515,0.5225107881133605,0.664747073929648,-0.1969180355829351,True,False,True,0
0.9085997380242599,1.3366180474972629,-0.5527137238424564,-0.5067873731938901,-0.6534271832143491,True,False,True,0
-1.4829825668676926,1.3366180474972629,0.5225107881133605,-0.5067873731938901,0.4227094862406528,True,False,False,1
-0.2871914144217163,-0.3895732532335213,1.5977353000691772,0.664747073929648,-0.14304428524133964,False,False,True,1
0.9085997380242599,0.9913797873511061,-0.5527137238424564,-0.5067873731938901,-0.5012574673372111,True,False,True,0
-1.4829825668676926,0.36995091908802374,-0.5527137238424564,-0.5067873731938901,-0.15155066687422314,True,False,False,1
0.9085997380242599,0.43899857111725515,0.5225107881133605,-0.5067873731938901,-0.35948444012248626,True,False,True,0
0.9085997380242599,0.024712658941866902,-0.5527137238424564,-0.5067873731938901,-0.5041723207767458,True,False,True,0
-1.4829825668676926,-0.1824302971458272,-0.5527137238424564,-0.5067873731938901,-0.07688353920780139,True,False,True,1
-0.2871914144217163,-0.527668557291984,0.5225107881133605,1.8362815210531864,0.13254735720784924,False,False,False,1
-1.4829825668676926,0.7151891792341806,-0.5527137238424564,-0.5067873731938901,2.247485241977613,False,False,True,1
0.9085997380242599,0.6461415272049492,0.5225107881133605,5.350884862423801,-0.06223365972894651,False,False,True,0
0.9085997380242599,0.36995091908802374,-0.5527137238424564,-0.5067873731938901,-0.5012574673372111,True,False,True,0
-0.2871914144217163,-0.3895732532335213,0.5225107881133605,1.8362815210531864,0.5752723859799329,False,False,True,1
0.9085997380242599,0.3009032670587924,0.5225107881133605,0.664747073929648,-0.3812229709620774,True,False,True,0
0.9085997380242599,-0.25147794917505856,0.5225107881133605,-0.5067873731938901,-0.3490877514600731,False,False,True,0
-0.2871914144217163,-1.7705262938181487,1.5977353000691772,0.664747073929648,0.08379255830222011,False,False,True,1
-0.2871914144217163,-0.25147794917505856,-0.5527137238424564,-0.5067873731938901,-0.45494494511373434,True,False,True,0
0.9085997380242599,-0.1824302971458272,0.5225107881133605,-0.5067873731938901,-0.3801984245520723,True,False,False,0
-1.4829825668676926,0.8532844832926434,0.5225107881133605,-0.5067873731938901,0.34000855369872995,True,False,True,1
0.9085997380242599,-0.6657638613504469,0.5225107881133605,0.664747073929648,-0.35586072154687787,True,False,False,1
0.9085997380242599,-0.5967162093212154,-0.5527137238424564,-0.5067873731938901,-0.5049586885010302,True,False,True,0
0.9085997380242599,-0.5967162093212154,-0.5527137238424564,-0.5067873731938901,-0.3490877514600731,True,False,True,0
-1.4829825668676926,2.1651898718480393,-0.5527137238424564,-0.5067873731938901,-0.04246482881412528,True,False,True,0
-0.2871914144217163,1.888999263731114,-0.5527137238424564,-0.5067873731938901,-0.4199742650674355,True,True,False,0
-1.4829825668676926,-0.5967162093212154,-0.5527137238424564,-0.5067873731938901,0.8202240417874754,False,False,True,1
0.9085997380242599,-0.25147794917505856,-0.5527137238424564,-0.5067873731938901,-0.5041723207767458,True,False,True,0
-1.4829825668676926,3.4770952604034355,-0.5527137238424564,-0.5067873731938901,-0.08633507435544971,True,False,True,1
0.9085997380242599,1.4747133515557256,-0.5527137238424564,-0.5067873731938901,-0.5200811447372675,True,False,True,0
-1.4829825668676926,0.16280796300032965,-0.5527137238424564,-0.5067873731938901,-0.07688353920780139,True,False,False,1
0.9085997380242599,-1.425288033671992,2.672959812024994,1.8362815210531864,-0.12603152197557269,False,False,True,0
-0.2871914144217163,-0.11338264511659583,-0.5527137238424564,-0.5067873731938901,-0.4076872693754927,False,False,True,1
0.9085997380242599,0.16280796300032965,-0.5527137238424564,-0.5067873731938901,-0.5036203511241232,True,False,True,0
-0.2871914144217163,0.09376031097109827,0.5225107881133605,0.664747073929648,-0.15722158796281213,True,False,True,0
0.9085997380242599,0.7842368312634119,-0.5527137238424564,5.350884862423801,0.09678841913023657,False,False,True,0
0.9085997380242599,-0.6657638613504469,-0.5527137238424564,-0.5067873731938901,-0.5049586885010302,True,False,True,0
-1.4829825668676926,-0.3895732532335213,-0.5527137238424564,-0.5067873731938901,0.6565555882497085,False,False,False,1
0.9085997380242599,-1.9086215978766115,2.672959812024994,1.8362815210531864,-0.12603152197557269,False,False,True,0
0.9085997380242599,-1.9949311629131508,1.5977353000691772,0.664747073929648,-0.2893861845464377,False,False,False,1
-1.4829825668676926,1.2675703954680315,0.5225107881133605,-0.5067873731938901,0.7969902780875265,True,False,False,1
0.9085997380242599,-0.7348115133796782,-0.5527137238424564,-0.5067873731938901,-0.5041723207767458,True,False,True,0
-1.4829825668676926,1.8199516117018826,-0.5527137238424564,-0.5067873731938901,0.017631812268681855,True,False,False,1
0.9085997380242599,-0.4586209052627527,-0.5527137238424564,-0.5067873731938901,-0.5107090024848594,False,False,True,1
-0.2871914144217163,-0.8038591654089096,-0.5527137238424564,0.664747073929648,-0.21865656642252623,False,False,True,1
0.9085997380242599,-0.5967162093212154,-0.5527137238424564,-0.5067873731938901,-0.49401192049302395,True,False,True,0
0.9085997380242599,-0.8038591654089096,-0.5527137238424564,-0.5067873731938901,-0.5258314587210967,False,True,False,0
-0.2871914144217163,-0.3895732532335213,1.5977353000691772,-0.5067873731938901,0.7359484834899545,True,False,True,0
0.9085997380242599,0.16280796300032965,0.5225107881133605,0.664747073929648,-0.3604295936372511,False,True,False,0
-0.2871914144217163,-0.4586209052627527,-0.5527137238424564,-0.5067873731938901,-0.4076872693754927,True,False,True,0
-1.4829825668676926,1.9580469157603453,-0.5527137238424564,1.8362815210531864,1.4878181044853787,True,False,False,0
-1.4829825668676926,1.4056656995264942,1.5977353000691772,-0.5067873731938901,1.872968161752048,True,False,True,1
0.9085997380242599,0.7151891792341806,-0.5527137238424564,-0.5067873731938901,-0.5168525003308309,True,False,False,0
-1.4829825668676926,1.1985227434388002,-0.5527137238424564,-0.5067873731938901,-0.16974487203344618,True,False,True,0
0.9085997380242599,0.43899857111725515,-0.5527137238424564,-0.5067873731938901,-0.5117335488948646,True,False,True,0
0.9085997380242599,-0.6657638613504469,0.5225107881133605,-0.5067873731938901,-0.5036203511241232,True,False,True,1
-0.2871914144217163,0.16280796300032965,1.5977353000691772,-0.5067873731938901,0.7359484834899545,True,False,True,0
-0.2871914144217163,-0.32052560120428997,-0.5527137238424564,-0.5067873731938901,-0.4076872693754927,True,False,True,0
0.9085997380242599,0.9223321353218747,-0.5527137238424564,-0.5067873731938901,-0.5012574673372111,True,False,True,0
-0.2871914144217163,0.7151891792341806,0.5225107881133605,0.664747073929648,0.08379255830222011,False,False,True,1
-1.4829825668676926,0.09376031097109827,0.5225107881133605,-0.5067873731938901,0.32953247214107656,True,False,True,0
-0.2871914144217163,2.786618740111122,-0.5527137238424564,-0.5067873731938901,-0.45494494511373434,True,False,True,0
-0.2871914144217163,0.09376031097109827,-0.5527137238424564,-0.5067873731938901,-0.4076872693754927,True,False,True,1
0.9085997380242599,-0.8038591654089096,-0.5527137238424564,-0.5067873731938901,-0.5064558116684177,True,False,True,0
0.9085997380242599,-0.35504942721890564,-0.5527137238424564,-0.5067873731938901,-0.5012574673372111,True,False,True,0
0.9085997380242599,-0.8038591654089096,-0.5527137238424564,-0.5067873731938901,-0.46738883628912814,False,False,True,1
0.9085997380242599,0.9223321353218747,0.5225107881133605,6.522419309547339,0.2331268136350636,False,False,True,0
-1.4829825668676926,0.43899857111725515,-0.5527137238424564,0.664747073929648,9.031167698718745,True,False,False,1
-1.4829825668676926,-0.1824302971458272,-0.5527137238424564,-0.5067873731938901,0.7969902780875265,True,False,False,1
0.9085997380242599,-0.6657638613504469,-0.5527137238424564,-0.5067873731938901,-0.4790463597402375,True,False,True,0
0.9085997380242599,-1.080049773525835,4.823408835936628,1.8362815210531864,0.2331268136350636,True,False,True,0
-0.2871914144217163,2.096142219818808,0.5225107881133605,0.664747073929648,0.08379255830222011,True,False,True,0
-0.2871914144217163,-0.32052560120428997,0.5225107881133605,1.8362815210531864,0.13254735720784924,True,False,False,0
0.9085997380242599,-1.080049773525835,3.748184323980811,0.664747073929648,0.09678841913023657,True,False,True,0
0.9085997380242599,-0.7348115133796782,-0.5527137238424564,-0.5067873731938901,-0.461167835854946,True,False,True,0
0.9085997380242599,-0.8038591654089096,-0.5527137238424564,-0.5067873731938901,-0.5060626278062755,True,False,True,0
-1.4829825668676926,-1.0110021214966036,-0.5527137238424564,0.664747073929648,3.341500435317906,False,False,True,1
-1.4829825668676926,0.09376031097109827,0.5225107881133605,-0.5067873731938901,0.42404782361755977,True,False,True,1
0.9085997380242599,-1.7705262938181487,-0.5527137238424564,0.664747073929648,-0.3998103599834426,False,False,False,1
0.9085997380242599,-0.32052560120428997,-0.5527137238424564,-0.5067873731938901,-0.5168525003308309,True,False,False,0
-1.4829825668676926,2.096142219818808,-0.5527137238424564,-0.5067873731938901,-0.15155066687422314,True,False,True,0
-0.2871914144217163,1.5437610035849572,-0.5527137238424564,-0.5067873731938901,-0.3982357342278444,True,False,True,0
0.9085997380242599,0.9913797873511061,-0.5527137238424564,-0.5067873731938901,-0.5012574673372111,True,False,True,0
-1.4829825668676926,1.3366180474972629,0.5225107881133605,0.664747073929648,1.4426076312601177,True,False,False,0
0.9085997380242599,0.8532844832926434,-0.5527137238424564,-0.5067873731938901,-0.5088186954553298,True,False,True,0
-1.4829825668676926,-0.8038591654089096,0.5225107881133605,-0.5067873731938901,3.6474938857230206,False,False,False,1
-1.4829825668676926,0.36995091908802374,-0.5527137238424564,-0.5067873731938901,-0.15651272282673848,True,False,True,1
0.9085997380242599,-0.8038591654089096,-0.5527137238424564,0.664747073929648,-0.3801984245520723,False,False,False,0
0.9085997380242599,-0.32052560120428997,-0.5527137238424564,-0.5067873731938901,-0.507085283909251,True,True,False,0
0.9085997380242599,-0.25147794917505856,0.5225107881133605,-0.5067873731938901,-0.5049586885010302,True,False,True,0
-0.2871914144217163,0.6461415272049492,-0.5527137238424564,-0.5067873731938901,-0.1619473555366363,True,False,True,0
-0.2871914144217163,1.0604274393803375,-0.5527137238424564,-0.5067873731938901,-0.3982357342278444,False,False,True,1
-1.4829825668676926,0.8532844832926434,-0.5527137238424564,-0.5067873731938901,-0.15651272282673848,True,False,True,1
-1.4829825668676926,-0.527668557291984,-0.5527137238424564,-0.5067873731938901,2.211333120037858,False,False,True,1
-1.4829825668676926,-0.3895732532335213,-0.5527137238424564,-0.5067873731938901,0.2823541892980751,False,False,False,1
-1.4829825668676926,1.2675703954680315,0.5225107881133605,-0.5067873731938901,0.32953247214107656,True,False,True,1
0.9085997380242599,-0.044334993087364466,-0.5527137238424564,-0.5067873731938901,-0.47416369668296243,True,False,True,0
-0.2871914144217163,1.5437610035849572,-0.5527137238424564,-0.5067873731938901,-0.4076872693754927,True,False,True,0
0.9085997380242599,-0.7348115133796782,-0.5527137238424564,-0.5067873731938901,-0.5088186954553298,True,False,True,0
-1.4829825668676926,0.5770938751757179,-0.5527137238424564,-0.5067873731938901,3.6474938857230206,False,False,False,1
-0.2871914144217163,-0.1824302971458272,-0.5527137238424564,-0.5067873731938901,-0.45494494511373434,False,False,True,1
0.9085997380242599,0.231855615029561,-0.5527137238424564,-0.5067873731938901,-0.5064558116684177,True,False,True,0
-0.2871914144217163,-1.632430989759686,-0.5527137238424564,0.664747073929648,-0.029625863469559765,False,False,True,1
0.9085997380242599,-0.8729068174381409,0.5225107881133605,-0.5067873731938901,-0.5200811447372675,True,False,True,0
-0.2871914144217163,0.3009032670587924,-0.5527137238424564,-0.5067873731938901,-0.4076872693754927,True,False,True,0
-0.2871914144217163,1.4056656995264942,-0.5527137238424564,-0.5067873731938901,-0.4076872693754927,True,False,True,0
-1.4829825668676926,-0.1824302971458272,0.5225107881133605,-0.5067873731938901,0.3503258494659029,True,False,True,1
0.9085997380242599,-0.6657638613504469,-0.5527137238424564,-0.5067873731938901,-0.4896793367813419,True,False,True,0
-0.2871914144217163,0.024712658941866902,2.672959812024994,-0.5067873731938901,-0.2564627070131195,False,False,True,1
-0.2871914144217163,-0.32052560120428997,0.5225107881133605,-0.5067873731938901,-0.1619473555366363,True,False,True,0
0.9085997380242599,-0.32052560120428997,0.5225107881133605,-0.5067873731938901,-0.5036203511241232,False,False,True,0
-1.4829825668676926,-0.044334993087364466,-0.5527137238424564,-0.5067873731938901,3.341500435317906,False,False,True,1
0.9085997380242599,-1.287192729613529,-0.5527137238424564,-0.5067873731938901,-0.29828575004146335,True,False,False,0
-0.2871914144217163,-0.4586209052627527,-0.5527137238424564,-0.5067873731938901,-0.4076872693754927,True,False,True,0
-0.2871914144217163,-0.4586209052627527,-0.5527137238424564,-0.5067873731938901,-0.4076872693754927,True,False,True,0
0.9085997380242599,-0.07885881910198016,-0.5527137238424564,-0.5067873731938901,-0.3490877514600731,True,False,True,0
0.9085997380242599,1.2675703954680315,0.5225107881133605,3.007815968176725,-0.003634141813526875,False,False,True,0
-1.4829825668676926,0.36995091908802374,-0.5527137238424564,-0.5067873731938901,9.031167698718745,True,False,False,1
-1.4829825668676926,0.43899857111725515,0.5225107881133605,-0.5067873731938901,0.8370799095697914,True,False,True,0
-1.4829825668676926,-0.5967162093212154,1.5977353000691772,1.8362815210531864,4.306265885514109,False,False,False,1
0.9085997380242599,-0.3895732532335213,0.5225107881133605,-0.5067873731938901,-0.3490877514600731,True,False,True,0
0.9085997380242599,0.09376031097109827,-0.5527137238424564,-0.5067873731938901,-0.5036203511241232,True,False,True,1
-1.4829825668676926,2.786618740111122,0.5225107881133605,0.664747073929648,0.6886908077517129,True,False,True,0
0.9085997380242599,-0.9419544694673723,0.5225107881133605,0.664747073929648,-0.270640009734592,True,False,True,0
-0.2871914144217163,0.024712658941866902,-0.5527137238424564,-0.5067873731938901,-0.4076872693754927,False,False,True,1
-1.4829825668676926,-0.7348115133796782,0.5225107881133605,-0.5067873731938901,0.3503258494659029,True,False,True,0
0.9085997380242599,0.09376031097109827,-0.5527137238424564,-0.5067873731938901,-0.5069283884258001,True,True,False,0
-0.2871914144217163,-1.7705262938181487,0.5225107881133605,0.664747073929648,-0.21865656642252623,False,False,True,1
0.9085997380242599,-1.632430989759686,-0.5527137238424564,0.664747073929648,-0.41761138128052344,True,False,True,1
0.9085997380242599,0.231855615029561,-0.5527137238424564,-0.5067873731938901,-0.473848015409031,True,False,True,0
0.9085997380242599,-0.4586209052627527,-0.5527137238424564,-0.5067873731938901,-0.5041723207767458,True,False,True,0
-0.2871914144217163,1.2675703954680315,0.5225107881133605,1.8362815210531864,0.5752723859799329,False,False,True,1
-0.2871914144217163,-2.000454975075489,0.5225107881133605,0.664747073929648,-0.3793326639325477,True,False,True,1
0.9085997380242599,-0.11338264511659583,-0.5527137238424564,-0.5067873731938901,-0.5060626278062755,True,False,True,0
-0.2871914144217163,-0.8038591654089096,-0.5527137238424564,-0.5067873731938901,-0.4360418748184377,True,False,True,0
0.9085997380242599,0.3009032670587924,-0.5527137238424564,-0.5067873731938901,-0.5012574673372111,True,False,True,0
-1.4829825668676926,0.231855615029561,-0.5527137238424564,-0.5067873731938901,0.9816883973288109,False,False,True,1
0.9085997380242599,0.7842368312634119,-0.5527137238424564,-0.5067873731938901,-0.5187428073603605,True,False,True,0
0.9085997380242599,-0.6657638613504469,-0.5527137238424564,-0.5067873731938901,-0.5167731074355907,True,False,False,1
-1.4829825668676926,0.43899857111725515,0.5225107881133605,1.8362815210531864,1.6149412522212485,False,False,True,1
0.9085997380242599,-0.9419544694673723,-0.5527137238424564,-0.5067873731938901,-0.5064558116684177,True,False,True,0
-1.4829825668676926,1.4747133515557256,0.5225107881133605,-0.5067873731938901,0.8202240417874754,False,False,True,1
0.9085997380242599,0.05923648495648259,-0.5527137238424564,-0.5067873731938901,-0.5069283884258001,False,True,False,0
0.9085997380242599,0.16280796300032965,-0.5527137238424564,-0.5067873731938901,-0.4953502578699309,True,False,True,0
0.9085997380242599,-0.3895732532335213,-0.5527137238424564,-0.5067873731938901,-0.473848015409031,True,False,True,0
0.9085997380242599,1.2675703954680315,-0.5527137238424564,-0.5067873731938901,-0.5049586885010302,True,False,True,0
-0.2871914144217163,1.888999263731114,-0.5527137238424564,-0.5067873731938901,-0.45494494511373434,False,False,True,0
-0.2871914144217163,1.6818563076434199,0.5225107881133605,3.007815968176725,-0.21865656642252623,False,False,True,1
0.9085997380242599,-0.8038591654089096,-0.5527137238424564,-0.5067873731938901,-0.5069283884258001,True,False,True,0
0.9085997380242599,-1.7014786417889174,-0.5527137238424564,-0.5067873731938901,-0.41761138128052344,False,False,True,1
-1.4829825668676926,0.9223321353218747,-0.5527137238424564,0.664747073929648,3.341500435317906,False,False,True,1
0.9085997380242599,-1.1490974255550663,-0.5527137238424564,-0.5067873731938901,-0.5167731074355907,False,False,False,1
-1.4829825668676926,-0.8729068174381409,0.5225107881133605,-0.5067873731938901,0.42404782361755977,False,False,True,1
-1.4829825668676926,-0.044334993087364466,-0.5527137238424564,-0.5067873731938901,-0.08633507435544971,True,False,True,0
0.9085997380242599,-0.32052560120428997,-0.5527137238424564,-0.5067873731938901,-0.5201605376325078,True,False,True,0
0.9085997380242599,-0.32052560120428997,-0.5527137238424564,-0.5067873731938901,-0.5163799235734484,True,False,True,0
0.9085997380242599,-0.8038591654089096,-0.5527137238424564,-0.5067873731938901,-0.5117335488948646,False,False,True,1
0.9085997380242599,-1.4943356857012233,3.748184323980811,0.664747073929648,-0.10287526086383428,True,True,False,0
0.9085997380242599,-1.9776692499058428,0.5225107881133605,1.8362815210531864,-0.2644965118886206,True,False,True,1
-1.4829825668676926,1.1294750914095688,-0.5527137238424564,-0.5067873731938901,0.8436959841731454,True,False,False,0
-0.2871914144217163,-0.9419544694673723,-0.5527137238424564,-0.5067873731938901,-0.1619473555366363,True,False,True,0
0.9085997380242599,-0.32052560120428997,-0.5527137238424564,-0.5067873731938901,-0.5041723207767458,True,False,True,0
-0.2871914144217163,0.6461415272049492,-0.5527137238424564,-0.5067873731938901,-0.4076872693754927,True,False,True,0
-1.4829825668676926,1.3366180474972629,-0.5527137238424564,-0.5067873731938901,-0.16328569291354328,False,False,True,1
0.9085997380242599,0.09376031097109827,-0.5527137238424564,-0.5067873731938901,-0.48928615291919975,False,False,True,1
0.9085997380242599,0.024712658941866902,-0.5527137238424564,-0.5067873731938901,-0.5167731074355907,True,False,False,0
0.9085997380242599,0.024712658941866902,0.5225107881133605,0.664747073929648,-0.1969180355829351,False,False,True,0
-0.2871914144217163,0.3009032670587924,-0.5527137238424564,-0.5067873731938901,-0.4076872693754927,True,False,True,0
-0.2871914144217163,0.09376031097109827,0.5225107881133605,0.664747073929648,-0.15722158796281213,False,False,True,1
-1.4829825668676926,-1.287192729613529,0.5225107881133605,1.8362815210531864,1.6149412522212485,True,False,True,1
0.9085997380242599,-2.0177168880827967,-0.5527137238424564,0.664747073929648,-0.4924354044303962,True,False,False,1
0.9085997380242599,-0.1824302971458272,-0.5527137238424564,-0.5067873731938901,-0.521578267904655,True,False,True,1
0.9085997380242599,0.09376031097109827,-0.5527137238424564,-0.5067873731938901,-0.5064558116684177,True,False,True,0
-1.4829825668676926,0.6461415272049492,-0.5527137238424564,-0.5067873731938901,-0.6534271832143491,True,False,True,0
0.9085997380242599,-0.8038591654089096,-0.5527137238424564,-0.5067873731938901,-0.5064558116684177,False,False,True,0
-0.2871914144217163,0.6461415272049492,-0.5527137238424564,-0.5067873731938901,-0.4076872693754927,True,False,True,0
-1.4829825668676926,0.231855615029561,0.5225107881133605,-0.5067873731938901,0.3503258494659029,False,False,True,1
0.9085997380242599,-0.25147794917505856,-0.5527137238424564,-0.5067873731938901,-0.5043292162601969,True,False,True,0
0.9085997380242599,0.6461415272049492,-0.5527137238424564,-0.5067873731938901,-0.1969180355829351,True,False,True,0
-0.2871914144217163,0.36995091908802374,-0.5527137238424564,-0.5067873731938901,-0.45494494511373434,True,False,True,0
0.9085997380242599,-1.632430989759686,3.748184323980811,1.8362815210531864,-0.06223365972894651,False,False,True,0
0.9085997380242599,0.05923648495648259,-0.5527137238424564,-0.5067873731938901,-0.5012574673372111,True,False,True,0
0.9085997380242599,-0.4586209052627527,-0.5527137238424564,-0.5067873731938901,-0.5036203511241232,False,False,True,0
-0.2871914144217163,0.09376031097109827,0.5225107881133605,0.664747073929648,0.04606581060686702,True,False,False,0
0.9085997380242599,0.9223321353218747,-0.5527137238424564,-0.5067873731938901,-0.5315023798096857,True,False,True,0
0.9085997380242599,-1.3562403816427606,2.672959812024994,1.8362815210531864,-0.12603152197557269,True,False,True,0
-1.4829825668676926,1.5437610035849572,0.5225107881133605,0.664747073929648,1.1140098893958874,False,False,True,1
0.9085997380242599,-0.1824302971458272,-0.5527137238424564,-0.5067873731938901,-0.4896793367813419,True,False,True,1
-1.4829825668676926,0.5770938751757179,-0.5527137238424564,-0.5067873731938901,-0.6534271832143491,True,False,True,0
0.9085997380242599,-0.1824302971458272,-0.5527137238424564,0.664747073929648,-0.41761138128052344,False,False,True,1
0.9085997380242599,-1.9086215978766115,3.748184323980811,0.664747073929648,0.09678841913023657,True,False,True,0
-0.2871914144217163,-1.9776692499058428,-0.5527137238424564,1.8362815210531864,0.04606581060686702,True,False,False,1
0.9085997380242599,-1.0110021214966036,0.5225107881133605,-0.5067873731938901,-0.3801984245520723,False,False,False,1
-0.2871914144217163,-1.9894073507508123,0.5225107881133605,0.664747073929648,-0.298994615177537,True,False,True,1
0.9085997380242599,-0.4586209052627527,-0.5527137238424564,-0.5067873731938901,-0.5049586885010302,True,False,True,0
0.9085997380242599,-0.8038591654089096,-0.5527137238424564,-0.5067873731938901,-0.49653169976338696,True,False,True,0
-1.4829825668676926,0.6461415272049492,0.5225107881133605,0.664747073929648,0.918520007323018,False,False,False,1
0.9085997380242599,-0.5967162093212154,-0.5527137238424564,-0.5067873731938901,-0.4896793367813419,True,False,True,0
0.9085997380242599,0.16280796300032965,-0.5527137238424564,-0.5067873731938901,0.41451689557467125,True,False,True,1
0.9085997380242599,-0.6657638613504469,-0.5527137238424564,-0.5067873731938901,-0.5036203511241232,True,False,True,0
-0.2871914144217163,-0.9419544694673723,-0.5527137238424564,-0.5067873731938901,-0.45494494511373434,True,False,True,0
-1.4829825668676926,0.024712658941866902,-0.5527137238424564,-0.5067873731938901,-0.06743200406015305,False,False,False,1
0.9085997380242599,0.33542709307340807,-0.5527137238424564,-0.5067873731938901,-0.531738668188377,True,False,False,0
0.9085997380242599,-0.8729068174381409,-0.5527137238424564,-0.5067873731938901,-0.4896793367813419,True,False,True,0
0.9085997380242599,0.8532844832926434,-0.5527137238424564,-0.5067873731938901,-0.5107090024848594,True,False,True,0
0.9085997380242599,0.36995091908802374,-0.5527137238424564,-0.5067873731938901,-0.5041723207767458,True,False,False,0
-0.2871914144217163,-0.11338264511659583,-0.5527137238424564,0.664747073929648,-0.029625863469559765,True,False,True,0
0.9085997380242599,-1.7705262938181487,3.748184323980811,1.8362815210531864,-0.06223365972894651,True,False,True,0
0.9085997380242599,3.0628093482280474,-0.5527137238424564,-0.5067873731938901,-0.5064558116684177,True,False,True,0
0.9085997380242599,-1.425288033671992,0.5225107881133605,0.664747073929648,-0.3652347541063155,False,False,False,0
-1.4829825668676926,-0.9419544694673723,-0.5527137238424564,0.664747073929648,0.09135378642033876,False,False,True,1
-0.2871914144217163,0.9913797873511061,0.5225107881133605,-0.5067873731938901,-0.1619473555366363,False,False,True,0
0.9085997380242599,-0.8038591654089096,-0.5527137238424564,0.664747073929648,-0.47668347595332544,False,False,True,1
-1.4829825668676926,1.0604274393803375,0.5225107881133605,0.664747073929648,2.463059636239235,False,False,True,1
-1.4829825668676926,1.4747133515557256,-0.5527137238424564,-0.5067873731938901,-0.15155066687422314,True,False,True,1
0.9085997380242599,-0.3895732532335213,-0.5527137238424564,3.007815968176725,-0.2893861845464377,False,False,False,1
0.9085997380242599,0.7842368312634119,1.5977353000691772,-0.5067873731938901,-0.38673699656721544,True,False,True,0
-0.2871914144217163,-0.5967162093212154,0.5225107881133605,-0.5067873731938901,-0.4360418748184377,True,False,True,0
-1.4829825668676926,1.2675703954680315,-0.5527137238424564,-0.5067873731938901,-0.16328569291354328,False,False,True,1
-0.2871914144217163,-0.3895732532335213,-0.5527137238424564,-0.5067873731938901,-0.4076872693754927,True,False,True,0
-0.2871914144217163,0.8532844832926434,-0.5527137238424564,-0.5067873731938901,-0.4076872693754927,False,False,True,1
-0.2871914144217163,-0.1824302971458272,0.5225107881133605,-0.5067873731938901,-0.3914627641410396,False,False,False,1
-1.4829825668676926,0.09376031097109827,-0.5527137238424564,-0.5067873731938901,0.3010984738028914,True,False,True,0
0.9085997380242599,-1.7705262938181487,0.5225107881133605,0.664747073929648,-0.442973630695723,True,False,True,1
0.9085997380242599,-0.25147794917505856,-0.5527137238424564,-0.5067873731938901,-0.5041723207767458,True,False,True,0
-1.4829825668676926,1.1985227434388002,0.5225107881133605,0.664747073929648,0.34000855369872995,False,False,True,1
-1.4829825668676926,0.231855615029561,-0.5527137238424564,-0.5067873731938901,-0.5589118317378658,True,False,True,0
0.9085997380242599,1.1985227434388002,-0.5527137238424564,-0.5067873731938901,-0.4832995505566793,True,False,True,0
-0.2871914144217163,-0.11338264511659583,0.5225107881133605,-0.5067873731938901,-0.1997534961272296,False,False,False,1
0.9085997380242599,-1.0110021214966036,-0.5527137238424564,-0.5067873731938901,-0.5168525003308309,False,False,False,1
0.9085997380242599,-0.6657638613504469,-0.5527137238424564,-0.5067873731938901,-0.4673113337009174,True,False,True,0
0.9085997380242599,-0.7348115133796782,-0.5527137238424564,-0.5067873731938901,-0.5041723207767458,True,False,True,0
-1.4829825668676926,1.8199516117018826,-0.5527137238424564,0.664747073929648,0.918520007323018,False,False,False,1
-0.2871914144217163,-0.32052560120428997,-0.5527137238424564,0.664747073929648,-0.1619473555366363,False,False,True,1
0.9085997380242599,0.231855615029561,-0.5527137238424564,-0.5067873731938901,-0.5041723207767458,True,False,True,0
0.9085997380242599,-0.527668557291984,-0.5527137238424564,-0.5067873731938901,-0.4546292638398029,False,False,True,0
-0.2871914144217163,-0.11338264511659583,-0.5527137238424564,-0.5067873731938901,-0.45494494511373434,True,False,True,0
0.9085997380242599,-0.32052560120428997,-0.5527137238424564,-0.5067873731938901,-0.5201605376325078,True,False,True,0
0.9085997380242599,0.6461415272049492,-0.5527137238424564,5.350884862423801,-0.10287526086383428,False,True,False,0
-0.2871914144217163,-0.1824302971458272,-0.5527137238424564,-0.5067873731938901,-0.4076872693754927,True,False,True,0
-1.4829825668676926,-0.7348115133796782,-0.5527137238424564,-0.5067873731938901,-0.08633507435544971,False,False,True,1
-1.4829825668676926,-0.25147794917505856,-0.5527137238424564,-0.5067873731938901,-0.08633507435544971,True,False,False,1
0.9085997380242599,0.16280796300032965,-0.5527137238424564,-0.5067873731938901,-0.5069283884258001,True,True,False,0
